{"cameraMode":{"drawMode":0,"name":"Shaded","section":"Shading Mode"},"sceneLighting":true,"audioPlay":false,"sceneViewState":{"showFog":true,"showMaterialUpdate":false,"showSkybox":false,"showFlares":true,"showImageEffects":true,"showParticleSystems":true},"in2DMode":false,"pivot":{"x":-0.7004604339599609,"y":8.08151912689209,"z":-0.8232893943786621},"rotation":{"x":-0.38231226801872256,"y":-0.06451302021741867,"z":0.026768028736114503,"w":-0.921392023563385},"size":2.4309964179992677,"orthographic":false}