{"cameraMode":{"drawMode":0,"name":"Shaded","section":"Shading Mode"},"sceneLighting":true,"audioPlay":false,"sceneViewState":{"showFog":true,"showMaterialUpdate":false,"showSkybox":false,"showFlares":true,"showImageEffects":true,"showParticleSystems":true},"in2DMode":false,"pivot":{"x":1.3112397193908692,"y":6.563302040100098,"z":-0.7523065805435181},"rotation":{"x":-0.3852471709251404,"y":0.5305195450782776,"z":-0.29384249448776247,"w":-0.6955590844154358},"size":2.4556260108947756,"orthographic":false}