{"cameraMode":{"drawMode":0,"name":"Shaded","section":"Shading Mode"},"sceneLighting":false,"audioPlay":false,"sceneViewState":{"showFog":false,"showMaterialUpdate":false,"showSkybox":false,"showFlares":false,"showImageEffects":false,"showParticleSystems":false},"in2DMode":false,"pivot":{"x":0.000012159347534179688,"y":2.9997968673706056,"z":0.499988317489624},"rotation":{"x":0.1126771792769432,"y":-0.8015140295028687,"z":0.15981470048427583,"w":0.5651065111160278},"size":4.272036552429199,"orthographic":false}