{"cameraMode":{"drawMode":0,"name":"Shaded","section":"Shading Mode"},"sceneLighting":false,"audioPlay":false,"sceneViewState":{"showFog":false,"showMaterialUpdate":false,"showSkybox":false,"showFlares":false,"showImageEffects":false,"showParticleSystems":false},"in2DMode":false,"pivot":{"x":0.00003457069396972656,"y":2.9999754428863527,"z":-0.000022411346435546875},"rotation":{"x":0.1126771792769432,"y":-0.8015140295028687,"z":0.15981470048427583,"w":0.5651065111160278},"size":3.316666603088379,"orthographic":false}