{"cameraMode":{"drawMode":0,"name":"Shaded","section":"Shading Mode"},"sceneLighting":false,"audioPlay":false,"sceneViewState":{"showFog":false,"showMaterialUpdate":false,"showSkybox":false,"showFlares":false,"showImageEffects":false,"showParticleSystems":false},"in2DMode":false,"pivot":{"x":0.7049615383148193,"y":2.999976634979248,"z":0.7049514055252075},"rotation":{"x":0.1126771792769432,"y":-0.8015140295028687,"z":0.15981470048427583,"w":0.5651065111160278},"size":3.161348819732666,"orthographic":false}