{"cameraMode":{"drawMode":0,"name":"Shaded","section":"Shading Mode"},"sceneLighting":true,"audioPlay":false,"sceneViewState":{"showFog":false,"showMaterialUpdate":false,"showSkybox":false,"showFlares":false,"showImageEffects":false,"showParticleSystems":false},"in2DMode":false,"pivot":{"x":269.3774719238281,"y":214.17169189453126,"z":-12.75494384765625},"rotation":{"x":0.14041069149971009,"y":0.578077495098114,"z":-0.10179755836725235,"w":0.7973449230194092},"size":81.39410400390625,"orthographic":false}